キーワード,重要度,カテゴリ,Yahoo検索ボリューム,Google検索ボリューム
sns運用代行,＋,基本,3620,14480
sns運用代行とは,＋,基本,380,1520
sns運用代行 求人,＋,求人・仕事探し,320,1280
sns運用代行 副業,＋,副業,380,1520
sns運用代行 相場,＋,報酬・単価,176,704
sns運用代行 バイト,＋,求人・仕事探し,200,800
sns運用代行 未経験,＋,未経験・初心者,64,256
sns運用代行 スクール,＋,学習・スクール,118,472
sns運用代行 始め方,＋,始め方・やり方,380,1520
sns運用代行スクール 怪しい,＋,信頼性・詐欺,52,208
sns運用代行 とは,＋,基本,34,136
sns運用代行 個人,＋,個人・フリーランス,34,136
sns運用代行 怪しい,＋,信頼性・詐欺,42,168
sns運用代行とはどんな仕事ですか,＋＋,基本,,
sns運用代行とは具体的に何ですか,＋＋,基本,,
sns運用代行とは 知恵袋,＋＋,基本,,
sns運用代行とは 簡単に,＋＋,基本,,
sns運用代行 求人 副業,＋＋,求人・仕事探し,,
sns運用代行 求人 業務委託,＋＋,求人・仕事探し,6,24
sns運用代行 求人 未経験,＋＋,求人・仕事探し,18,72
sns運用代行 求人 フルリモート,＋＋,求人・仕事探し,4,16
sns運用代行 求人 在宅,＋＋,求人・仕事探し,64,256
sns運用代行 求人 在宅 未経験,＋＋,求人・仕事探し,10,40
sns運用代行 求人 アルバイト,＋＋,求人・仕事探し,,
sns運用代行 副業 始め方,＋＋,副業,34,136
sns運用代行 副業 求人,＋＋,副業,34,136
sns運用代行 副業 在宅,＋＋,副業,,
sns運用代行 副業 未経験,＋＋,副業,52,208
sns運用代行 副業 確定申告,＋＋,税金・確定申告,,
sns運用代行 副業 スクール,＋＋,学習・スクール,22,88
sns運用代行 副業 怪しい,＋＋,信頼性・詐欺,,
sns運用代行 相場 個人,＋＋,報酬・単価,6,24
sns運用代行 相場 フリーランス,＋＋,報酬・単価,6,24
sns運用代行 スクール 相場,＋＋,学習・スクール,14,56
sns運用代行 副業 相場,＋＋,報酬・単価,,
sns運用代行 成果報酬 相場,＋＋,報酬・単価,,
sns運用代行 バイト 在宅,＋＋,求人・仕事探し,10,40
sns運用代行 バイト 怪しい,＋＋,信頼性・詐欺,42,168
sns運用代行 バイト 学生,＋＋,求人・仕事探し,,
sns運用代行 未経験 副業,＋＋,未経験・初心者,2,8
sns運用代行 未経験 在宅,＋＋,未経験・初心者,22,88
sns運用代行 未経験 求人,＋＋,求人・仕事探し,2,8
sns運用代行 未経験 フルリモート,＋＋,未経験・初心者,,
sns運用代行 スクール マンツーマン,＋＋,学習・スクール,4,16
sns運用代行 スクール おすすめ,＋＋,学習・スクール,14,56
sns運用代行 スクール 補助金,＋＋,学習・スクール,,
sns運用代行 スクール 怪しい,＋＋,信頼性・詐欺,52,208
sns運用代行 スクール 無料,＋＋,学習・スクール,8,32
sns運用代行 スクール 安い,＋＋,学習・スクール,22,88
sns運用代行 始め方 知恵袋,＋＋,始め方・やり方,,
sns運用代行 始め方 本,＋＋,学習・スクール,,
sns運用代行 フリーランス 始め方,＋＋,個人・フリーランス,22,88
sns運用代行 未経験 始め方,＋＋,未経験・初心者,,
sns運用代行 とは どんな仕事ですか,＋＋,基本,,
sns運用代行 副業 とは,＋＋,副業,,
sns運用代行 個人 相場,＋＋,個人・フリーランス,8,32
sns運用代行 個人事業主,＋＋,個人・フリーランス,,
sns運用代行 個人事業主 強み,＋＋,個人・フリーランス,,
sns運用代行 フリーランス 怪しい,＋＋,信頼性・詐欺,,
sns運用代行 20万,＋α,報酬・単価,,
sns運用代行 3万円,＋α,報酬・単価,,
sns運用代行 40代,＋α,属性・対象者,,
sns運用代行 50代,＋α,属性・対象者,,
sns運用代行 5万,＋α,報酬・単価,,
sns運用代行 案件,＋α,案件獲得,14,56
sns運用代行 ai,＋α,ツール・技術,6,24
sns運用代行 アルバイト,＋α,求人・仕事探し,10,40
sns運用代行 案件獲得,＋α,案件獲得,,
sns運用代行 案件取り方,＋α,案件獲得,,
sns運用代行 インスタ,＋α,プラットフォーム,6,24
sns運用代行 いくら,＋α,報酬・単価,4,16
sns運用代行 いくら稼げる,＋α,報酬・単価,,
sns運用代行 胡散臭い,＋α,信頼性・詐欺,,
sns運用代行 webデザイナー,＋α,スキル・資格,,
sns運用代行 売上,＋α,報酬・単価,,
sns運用代行 udemy,＋α,学習・スクール,,
sns運用代行 英語,＋α,スキル・資格,8,32
sns運用代行 営業,＋α,案件獲得,14,56
sns運用代行 営業資料,＋α,案件獲得,,
sns運用代行 炎上,＋α,リスク・注意点,,
sns運用代行 大学生,＋α,属性・対象者,2,8
sns運用代行 稼げるのか,＋α,報酬・単価,,
sns運用代行 稼げる,＋α,報酬・単価,6,24
sns運用代行 完全在宅,＋α,求人・仕事探し,,
sns運用代行 看護師,＋α,属性・対象者,4,16
sns運用代行 確定申告,＋α,税金・確定申告,,
sns運用代行 起業,＋α,独立・起業,6,24
sns運用代行 クラウドワークス,＋α,案件獲得,14,56
sns運用代行 口コミ,＋α,信頼性・詐欺,4,16
sns運用代行 クラウドソーシング,＋α,案件獲得,,
sns運用代行 バイト 口コミ,＋α,信頼性・詐欺,2,8
sns運用代行 スクール 口コミ,＋α,学習・スクール,,
クラウドワークス sns運用代行 職種,＋α,案件獲得,,
sns運用代行 契約書,＋α,契約・法務,28,112
sns運用代行 契約書 雛形,＋α,契約・法務,8,32
sns運用代行 経費,＋α,税金・確定申告,,
sns運用代行 契約書 テンプレ 無料,＋α,契約・法務,8,32
sns運用代行 契約期間,＋α,契約・法務,,
sns運用代行 ココナラ,＋α,案件獲得,28,112
sns運用代行 講座,＋α,学習・スクール,10,40
sns運用代行 高校生,＋α,属性・対象者,,
sns運用代行 今後,＋α,市場・将来性,,
sns運用代行 詐欺,＋α,信頼性・詐欺,18,72
sns運用代行 採用,＋α,求人・仕事探し,6,24
sns運用代行 初心者,＋α,未経験・初心者,14,56
sns運用代行 資格,＋α,スキル・資格,6,24
sns運用代行 仕事内容,＋α,基本,14,56
sns運用代行 仕事,＋α,基本,8,32
sns運用代行 収入,＋α,報酬・単価,4,16
sns運用代行 市場規模,＋α,市場・将来性,4,16
sns運用代行 主婦,＋α,属性・対象者,,
sns運用代行 書籍,＋α,学習・スクール,,
sns運用代行 スキル,＋α,スキル・資格,6,24
sns運用代行 スマホ,＋α,ツール・技術,2,8
sns運用代行 スマホのみ,＋α,ツール・技術,,
sns運用代行 成果報酬,＋α,報酬・単価,10,40
sns運用代行 セミナー,＋α,学習・スクール,2,8
sns運用代行 請求書,＋α,契約・法務,6,24
sns運用代行 正社員,＋α,求人・仕事探し,6,24
sns運用代行 単価,＋α,報酬・単価,4,16
sns運用代行 大変,＋α,リスク・注意点,,
sns運用代行 単発,＋α,案件獲得,,
sns運用代行 体験談,＋α,信頼性・詐欺,,
sns運用代行 単価の決め方,＋α,報酬・単価,,
sns運用代行 知恵袋,＋α,基本,6,24
sns運用代行 tiktok,＋α,プラットフォーム,,
sns運用代行 注意点,＋α,リスク・注意点,2,8
sns運用代行 知識,＋α,スキル・資格,,
sns運用代行 副業 知恵袋,＋α,副業,2,8
sns運用代行 求人 千葉,＋α,求人・仕事探し,,
sns運用代行 ツール,＋α,ツール・技術,,
sns運用代行 月100万,＋α,報酬・単価,,
sns運用代行 月いくら,＋α,報酬・単価,,
sns運用代行 月,＋α,報酬・単価,,
sns運用代行 辛い,＋α,リスク・注意点,,
sns運用代行 ポートフォリオ 作り方,＋α,案件獲得,4,16
sns運用代行 転職,＋α,求人・仕事探し,,
sns運用代行 提案資料,＋α,案件獲得,,
sns運用代行 提案書,＋α,案件獲得,2,8
sns運用代行 手順,＋α,始め方・やり方,,
sns運用代行 向いてる人,＋α,基本,,
sns運用代行 トラブル,＋α,リスク・注意点,,
sns運用代行 やめとけ,＋α,リスク・注意点,,
sns運用代行 何する,＋α,基本,6,24
sns運用代行 内容,＋α,基本,6,24
sns運用代行 何から始める,＋α,始め方・やり方,,
sns運用代行 人気,＋α,市場・将来性,2,8
sns運用代行 年収,＋α,報酬・単価,10,40
sns運用代行 フリーランス 年収,＋α,個人・フリーランス,2,8
sns運用代行 note,＋α,学習・スクール,,
sns運用代行 ノウハウ,＋α,スキル・資格,,
sns運用代行 はじめ方,＋α,始め方・やり方,,
sns運用代行 始め方 本,＋α,学習・スクール,,
sns運用代行 派遣,＋α,求人・仕事探し,,
sns運用代行 初めて,＋α,未経験・初心者,,
sns運用代行 必要なスキル,＋α,スキル・資格,,
sns運用代行 必要なもの,＋α,スキル・資格,,
sns運用代行 フリーランス,＋α,個人・フリーランス,64,256
sns運用代行 フリーランス 相場,＋α,個人・フリーランス,78,312
sns運用代行 フルリモート,＋α,求人・仕事探し,,
sns運用代行 平均年収,＋α,報酬・単価,,
sns運用代行 本,＋α,学習・スクール,22,88
sns運用代行 補助金,＋α,学習・スクール,4,16
sns運用代行 報酬,＋α,報酬・単価,,
sns運用代行 学び方,＋α,学習・スクール,2,8
sns運用代行 学ぶ,＋α,学習・スクール,2,8
sns運用代行 マッチング,＋α,案件獲得,,
sns運用代行 ママ,＋α,属性・対象者,,
sns運用代行 ママワークス,＋α,案件獲得,,
sns運用代行 マンツーマン,＋α,学習・スクール,,
sns運用代行 学びたい,＋α,学習・スクール,,
sns運用代行 マニュアル,＋α,スキル・資格,,
sns運用代行 難しい,＋α,リスク・注意点,,
sns運用代行 向いている人,＋α,基本,,
sns運用代行 無料講座,＋α,学習・スクール,,
sns運用代行 無料,＋α,学習・スクール,,
sns運用代行 メリット,＋α,基本,4,16
sns運用代行 メリット デメリット,＋α,基本,,
sns運用代行 面接,＋α,求人・仕事探し,,
sns運用代行 儲かる,＋α,報酬・単価,2,8
sns運用代行 儲からない,＋α,報酬・単価,,
sns運用代行 やり方,＋α,始め方・やり方,22,88
sns運用代行 やってみた,＋α,信頼性・詐欺,22,88
sns運用代行 ユーチューブ,＋α,学習・スクール,,
sns運用代行 youtube,＋α,学習・スクール,,
sns運用代行 ランサーズ,＋α,案件獲得,,
sns運用代行 フリーランス 相場,＋α,個人・フリーランス,78,312
sns運用代行 フリーランス 始め方,＋α,個人・フリーランス,22,88
sns運用代行 リモラボ,＋α,学習・スクール,,
sns運用代行 リモート,＋α,求人・仕事探し,,
sns運用代行 利益率,＋α,報酬・単価,,
sns運用代行 例,＋α,基本,,
sns運用代行 レッドオーシャン,＋α,市場・将来性,,
sns運用代行 ロードマップ,＋α,始め方・やり方,,
sns運用代行 わかりやすく,＋α,基本,,
sns運用代行 学生,＋α,属性・対象者,,
sns運用代行 独学,＋α,学習・スクール,22,88
sns運用代行 どんな仕事,＋α,基本,,
sns運用代行 動画編集,＋α,スキル・資格,,
sns運用代行 独立,＋α,独立・起業,,
sns運用代行 独学 本,＋α,学習・スクール,,
sns運用代行 バイト 未経験,＋α,求人・仕事探し,2,8
sns運用代行 バイト 大学生,＋α,属性・対象者,,
sns運用代行 バズスクール,＋α,学習・スクール,,
sns運用代行 勉強,＋α,学習・スクール,14,56
sns運用代行 勉強方法,＋α,学習・スクール,,
sns運用代行 勉強 本,＋α,学習・スクール,,
sns運用代行 勉強会,＋α,学習・スクール,,
sns運用代行 募集,＋α,求人・仕事探し,14,56
sns運用代行 副業 募集,＋α,副業,,
sns運用代行 パソコン,＋α,ツール・技術,,
sns運用代行 パソコン おすすめ,＋α,ツール・技術,,
sns運用代行 パート,＋α,求人・仕事探し,,
sns運用代行 パソコンスペック,＋α,ツール・技術,,
sns運用代行 ポートフォリオ,＋α,案件獲得,18,72
sns運用代行 canva,＋α,ツール・技術,,
sns運用代行 在宅,＋α,求人・仕事探し,10,40
sns運用代行 在宅ワーク,＋α,求人・仕事探し,,
sns運用代行 在宅 求人,＋α,求人・仕事探し,,
sns運用代行 雑所得,＋α,税金・確定申告,,
sns運用代行 アルバイト 在宅,＋α,求人・仕事探し,,
sns運用代行 実績,＋α,案件獲得,4,16
sns運用代行 需要,＋α,市場・将来性,,
sns運用代行 実際,＋α,信頼性・詐欺,,
sns運用代行 実績作り,＋α,案件獲得,,
sns運用代行 税金,＋α,税金・確定申告,,
sns運用代行 デメリット,＋α,基本,6,24
sns運用代行 デイトラ,＋α,学習・スクール,,
sns運用代行 独学,＋α,学習・スクール,22,88
sns運用代行 どのくらい稼げる,＋α,報酬・単価,,
sns運用代行 どうやる,＋α,始め方・やり方,,
sns運用代行 業務委託,＋α,求人・仕事探し,18,72
sns運用代行 業務委託契約書,＋α,契約・法務,4,16
sns運用代行 業務委託契約書 テンプレート,＋α,契約・法務,4,16
sns運用代行 業務委託 未経験,＋α,求人・仕事探し,,
sns運用代行 具体的に,＋α,基本,,
sns運用代行 源泉徴収,＋α,税金・確定申告,4,16
sns運用代行 月収,＋α,報酬・単価,,
sns運用代行 月額,＋α,報酬・単価,,
sns運用代行 源泉所得税,＋α,税金・確定申告,,
sns運用代行 現実,＋α,信頼性・詐欺,,
sns運用代行 x,＋α,プラットフォーム,,
sns運用代行 twitter,＋α,プラットフォーム,,
sns運用代行 line,＋α,プラットフォーム,,
sns運用代行 スクール liberty,＋α,学習・スクール,4,16
